"id","universe_id","family_id","name","bio","dob","dod","image_url","status","created_at","updated_at"
"2d70e756-614b-4edf-9f07-b9aaa72d65ca","eff52ef9-e8b3-473a-ab23-2227d2ab9459","ae6b11a1-97bd-4e6b-8371-9e01befc9e10","Chaos","Primordial void","Mythic Age","","",0,"1753630725023","1753630725023"
"c4c27e7e-15cf-4d9c-9f6f-b6181e1bad3b","eff52ef9-e8b3-473a-ab23-2227d2ab9459","ae6b11a1-97bd-4e6b-8371-9e01befc9e10","Gaia","Primordial goddess of the Earth","Mythic Age","","",0,"1753630725023","1753630725023"
"ce2319c5-6400-4141-811d-ff0898124244","eff52ef9-e8b3-473a-ab23-2227d2ab9459","ae6b11a1-97bd-4e6b-8371-9e01befc9e10","Uranus","Primordial god of the Sky","Mythic Age","","",0,"1753630725023","1753630725023"
"a15e349b-9a3d-4c92-9561-dba9f63cc318","eff52ef9-e8b3-473a-ab23-2227d2ab9459","ae6b11a1-97bd-4e6b-8371-9e01befc9e10","Nyx","Goddess of the Night","Mythic Age","","",0,"1753630725023","1753630725023"
"cbf4d46c-60b7-45ba-8de8-c1eb99de20b2","eff52ef9-e8b3-473a-ab23-2227d2ab9459","ae6b11a1-97bd-4e6b-8371-9e01befc9e10","Erebus","God of Darkness","Mythic Age","","",0,"1753630725023","1753630725023"
"0c93f50c-2ff5-4450-a706-95b1a12f22ad","eff52ef9-e8b3-473a-ab23-2227d2ab9459","ae6b11a1-97bd-4e6b-8371-9e01befc9e10","Tartarus","Primordial deity of the abyss","Mythic Age","","",0,"1753630725023","1753630725023"
"8d707faa-d973-46b8-ab2a-2cdbc57a8b01","eff52ef9-e8b3-473a-ab23-2227d2ab9459","ae6b11a1-97bd-4e6b-8371-9e01befc9e10","Eros","Primordial god of love","Mythic Age","","",0,"1753630725023","1753630725023"
"fc8d1199-7e33-4481-b1b3-5fbbdda16d61","eff52ef9-e8b3-473a-ab23-2227d2ab9459","ae6b11a1-97bd-4e6b-8371-9e01befc9e10","Pontus","Primordial sea god","Mythic Age","","",0,"1753630725023","1753630725023"
"b48e2e58-bd69-4de4-81ac-c6997c9b22d8","eff52ef9-e8b3-473a-ab23-2227d2ab9459","ae6b11a1-97bd-4e6b-8371-9e01befc9e10","Ourea","Primordial deities of mountains","Mythic Age","","",0,"1753630725023","1753630725023"
"0c5fa015-c45c-4aa2-8aaf-100d3b131901","eff52ef9-e8b3-473a-ab23-2227d2ab9459","ae6b11a1-97bd-4e6b-8371-9e01befc9e10","Cronus","Leader of the Titans","Mythic Age","","",0,"1753630725023","1753630725023"
"d8ac9ebd-f0c9-41a2-9813-8586ec0fa576","eff52ef9-e8b3-473a-ab23-2227d2ab9459","ae6b11a1-97bd-4e6b-8371-9e01befc9e10","Rhea","Titaness mother of Olympians","Mythic Age","","",0,"1753630725023","1753630725023"
"c5d621bf-010c-4267-ba31-ae7750422fdf","eff52ef9-e8b3-473a-ab23-2227d2ab9459","ae6b11a1-97bd-4e6b-8371-9e01befc9e10","Oceanus","Titan of the ocean","Mythic Age","","",0,"1753630725023","1753630725023"
"a693a49c-1b98-4e91-8151-ea9fe8d9f879","eff52ef9-e8b3-473a-ab23-2227d2ab9459","ae6b11a1-97bd-4e6b-8371-9e01befc9e10","Tethys","Titaness of fresh water","Mythic Age","","",0,"1753630725023","1753630725023"
"659bee5c-e991-4271-a6d2-9fa837cca026","eff52ef9-e8b3-473a-ab23-2227d2ab9459","ae6b11a1-97bd-4e6b-8371-9e01befc9e10","Hyperion","Titan of light","Mythic Age","","",0,"1753630725023","1753630725023"
"d7ad2ae9-0b5e-402c-a031-a107386acdac","eff52ef9-e8b3-473a-ab23-2227d2ab9459","ae6b11a1-97bd-4e6b-8371-9e01befc9e10","Theia","Titaness of sight","Mythic Age","","",0,"1753630725023","1753630725023"
"11013bf8-5470-4e20-9af7-a87146817628","eff52ef9-e8b3-473a-ab23-2227d2ab9459","ae6b11a1-97bd-4e6b-8371-9e01befc9e10","Mnemosyne","Titaness of memory","Mythic Age","","",0,"1753630725023","1753630725023"
"4aa7c092-7caf-4ab7-80e4-6c5be38967b4","eff52ef9-e8b3-473a-ab23-2227d2ab9459","ae6b11a1-97bd-4e6b-8371-9e01befc9e10","Phoebe","Titaness of intellect","Mythic Age","","",0,"1753630725023","1753630725023"
"79f2e0c1-ba60-4e6e-811b-88652cce9cca","eff52ef9-e8b3-473a-ab23-2227d2ab9459","ae6b11a1-97bd-4e6b-8371-9e01befc9e10","Themis","Titaness of divine law","Mythic Age","","",0,"1753630725023","1753630725023"
"3b2aec67-e83f-4ce6-ae56-6c2964619a03","eff52ef9-e8b3-473a-ab23-2227d2ab9459","ae6b11a1-97bd-4e6b-8371-9e01befc9e10","Zeus","King of the gods","Mythic Age","","",0,"1753630725023","1753630725023"
"d180f588-fd71-4763-9993-742b5e92a7b1","eff52ef9-e8b3-473a-ab23-2227d2ab9459","ae6b11a1-97bd-4e6b-8371-9e01befc9e10","Hera","Queen of the gods","Mythic Age","","",0,"1753630725023","1753630725023"
"0a4b9459-4e89-48e3-ba34-f1f958d46989","eff52ef9-e8b3-473a-ab23-2227d2ab9459","ae6b11a1-97bd-4e6b-8371-9e01befc9e10","Poseidon","God of the sea","Mythic Age","","",0,"1753630725023","1753630725023"
"3d6055a1-9063-49e4-9d79-cb231928030b","eff52ef9-e8b3-473a-ab23-2227d2ab9459","ae6b11a1-97bd-4e6b-8371-9e01befc9e10","Hades","God of the underworld","Mythic Age","","",0,"1753630725023","1753630725023"
"f5d722ce-aa14-4979-aaf5-faf1ae66b0b9","eff52ef9-e8b3-473a-ab23-2227d2ab9459","ae6b11a1-97bd-4e6b-8371-9e01befc9e10","Demeter","Goddess of the harvest","Mythic Age","","",0,"1753630725023","1753630725023"
"64258c22-754e-45cb-b9bc-cae9ba9b11b6","eff52ef9-e8b3-473a-ab23-2227d2ab9459","ae6b11a1-97bd-4e6b-8371-9e01befc9e10","Hestia","Goddess of hearth","Mythic Age","","",0,"1753630725023","1753630725023"
"e2fd9abf-57fd-4b9e-a592-1a114dd39a00","eff52ef9-e8b3-473a-ab23-2227d2ab9459","ae6b11a1-97bd-4e6b-8371-9e01befc9e10","Apollo","God of sun and music","Mythic Age","","",0,"1753630725023","1753630725023"
"94e21d2c-ee16-4b8b-aa1c-985b79d2f6f7","eff52ef9-e8b3-473a-ab23-2227d2ab9459","ae6b11a1-97bd-4e6b-8371-9e01befc9e10","Artemis","Goddess of the hunt","Mythic Age","","",0,"1753630725023","1753630725023"
"c2232338-0274-46ca-932b-bf75f524b139","eff52ef9-e8b3-473a-ab23-2227d2ab9459","ae6b11a1-97bd-4e6b-8371-9e01befc9e10","Athena","Goddess of wisdom","Mythic Age","","",0,"1753630725023","1753630725023"
"e46bafc0-8c95-4aa7-b314-c0b72ab836fc","eff52ef9-e8b3-473a-ab23-2227d2ab9459","ae6b11a1-97bd-4e6b-8371-9e01befc9e10","Ares","God of war","Mythic Age","","",0,"1753630725023","1753630725023"
"106fe8b8-36c2-40b1-a864-04a2836dcccb","eff52ef9-e8b3-473a-ab23-2227d2ab9459","ae6b11a1-97bd-4e6b-8371-9e01befc9e10","Hephaestus","God of fire","Mythic Age","","",0,"1753630725023","1753630725023"
"a155d8c5-e57b-4d55-b09a-acdb7f2e1fa9","eff52ef9-e8b3-473a-ab23-2227d2ab9459","ae6b11a1-97bd-4e6b-8371-9e01befc9e10","Hermes","Messenger of gods","Mythic Age","","",0,"1753630725023","1753630725023"
"14ce5c66-dba3-44d7-88bd-de1242a029fb","eff52ef9-e8b3-473a-ab23-2227d2ab9459","ae6b11a1-97bd-4e6b-8371-9e01befc9e10","Dionysus","God of wine","Mythic Age","","",0,"1753630725023","1753630725023"
"759d0681-c90b-4880-90ef-8873263d66a2","eff52ef9-e8b3-473a-ab23-2227d2ab9459","ae6b11a1-97bd-4e6b-8371-9e01befc9e10","Persephone","Queen of the underworld","Mythic Age","","",0,"1753630725023","1753630725023"
"64af7ea2-713d-444e-9304-945353e7cac8","eff52ef9-e8b3-473a-ab23-2227d2ab9459","ae6b11a1-97bd-4e6b-8371-9e01befc9e10","Heracles","Divine hero","Mythic Age","","",0,"1753630725023","1753630725023"
"eb61cf7d-6d95-417a-8703-6071323a6a48","eff52ef9-e8b3-473a-ab23-2227d2ab9459","ae6b11a1-97bd-4e6b-8371-9e01befc9e10","Perseus","Hero and slayer of Medusa","Mythic Age","","",0,"1753630725023","1753630725023"
"257f9179-7e46-4c78-b527-ddd6d0568cc4","eff52ef9-e8b3-473a-ab23-2227d2ab9459","ae6b11a1-97bd-4e6b-8371-9e01befc9e10","Theseus","Hero and king of Athens","Mythic Age","","",0,"1753630725023","1753630725023"
"8bb1d08e-8223-4ab8-afdc-0853104c8161","eff52ef9-e8b3-473a-ab23-2227d2ab9459","ae6b11a1-97bd-4e6b-8371-9e01befc9e10","Achilles","Hero of the Trojan War","Mythic Age","","",0,"1753630725023","1753630725023"
"bdad5387-4d0f-403b-b566-dc08c8d97c41","eff52ef9-e8b3-473a-ab23-2227d2ab9459","ae6b11a1-97bd-4e6b-8371-9e01befc9e10","Odysseus","King of Ithaca","Mythic Age","","",0,"1753630725023","1753630725023"
"df32e3f3-af03-4de6-9cc4-ef6129e3e53a","eff52ef9-e8b3-473a-ab23-2227d2ab9459","ae6b11a1-97bd-4e6b-8371-9e01befc9e10","Orpheus","Musician and prophet","Mythic Age","","",0,"1753630725023","1753630725023"
"1df80caa-04b7-4db0-a849-b856696f2f6f","eff52ef9-e8b3-473a-ab23-2227d2ab9459","ae6b11a1-97bd-4e6b-8371-9e01befc9e10","Bellerophon","Hero and rider of Pegasus","Mythic Age","","",0,"1753630725023","1753630725023"
"3b302391-5f2a-4615-a5f5-5a3dba5368f4","eff52ef9-e8b3-473a-ab23-2227d2ab9459","ae6b11a1-97bd-4e6b-8371-9e01befc9e10","Andromeda","Ethiopian princess rescued by Perseus","Mythic Age","","",0,"1753630725023","1753630725023"
"ac90f9a7-369a-43a5-97be-968d92a82ab3","eff52ef9-e8b3-473a-ab23-2227d2ab9459","ae6b11a1-97bd-4e6b-8371-9e01befc9e10","Cassiopeia","Mother of Andromeda","Mythic Age","","",0,"1753630725023","1753630725023"
"79e89fc3-dc47-4ad5-8b85-93d273ae7265","eff52ef9-e8b3-473a-ab23-2227d2ab9459","ae6b11a1-97bd-4e6b-8371-9e01befc9e10","Cepheus","Father of Andromeda","Mythic Age","","",0,"1753630725023","1753630725023"
"f158b283-a656-487b-86c0-dc70063e2346","eff52ef9-e8b3-473a-ab23-2227d2ab9459","ae6b11a1-97bd-4e6b-8371-9e01befc9e10","Pan","God of the wild","Mythic Age","","",0,"1753630725023","1753630725023"
"30669ed3-7468-4df2-b403-3409267b9f08","eff52ef9-e8b3-473a-ab23-2227d2ab9459","ae6b11a1-97bd-4e6b-8371-9e01befc9e10","Asclepius","God of medicine","Mythic Age","","",0,"1753630725023","1753630725023"
"dde89ec7-1ef3-4ecd-b45e-c6cef1e831e3","eff52ef9-e8b3-473a-ab23-2227d2ab9459","ae6b11a1-97bd-4e6b-8371-9e01befc9e10","Medea","Sorceress and princess of Colchis","Mythic Age","","",0,"1753630725023","1753630725023"
"f3d0d0b6-4f77-4820-babe-9a5eb3d1b1e0","eff52ef9-e8b3-473a-ab23-2227d2ab9459","ae6b11a1-97bd-4e6b-8371-9e01befc9e10","Jason","Leader of the Argonauts","Mythic Age","","",0,"1753630725023","1753630725023"
"477ad084-6a1a-4e11-aac0-3a23008874de","eff52ef9-e8b3-473a-ab23-2227d2ab9459","ae6b11a1-97bd-4e6b-8371-9e01befc9e10","Aeson","Father of Jason","Mythic Age","","",0,"1753630725023","1753630725023"
"88722d8a-3dc3-410b-b8c4-fc0c17b0ca56","eff52ef9-e8b3-473a-ab23-2227d2ab9459","ae6b11a1-97bd-4e6b-8371-9e01befc9e10","Idyia","Oceanid, wife of Aeëtes","Mythic Age","","",0,"1753630725023","1753630725023"
"20c2136e-9a1e-4a4a-b2e7-785ae4a5326f","eff52ef9-e8b3-473a-ab23-2227d2ab9459","ae6b11a1-97bd-4e6b-8371-9e01befc9e10","Aeëtes","King of Colchis","Mythic Age","","",0,"1753630725023","1753630725023"
"bc511c29-045e-4119-8f21-29809c4ffb15","eff52ef9-e8b3-473a-ab23-2227d2ab9459","ae6b11a1-97bd-4e6b-8371-9e01befc9e10","Helios","Titan god of the sun","Mythic Age","","",0,"1753630725023","1753630725023"
"b8c77db6-8eaf-4b9f-931a-ca196bdac14a","eff52ef9-e8b3-473a-ab23-2227d2ab9459","ae6b11a1-97bd-4e6b-8371-9e01befc9e10","Selene","Titan goddess of the moon","Mythic Age","","",0,"1753630725023","1753630725023"
"06861683-2c13-4653-9dd2-975f73580f72","eff52ef9-e8b3-473a-ab23-2227d2ab9459","ae6b11a1-97bd-4e6b-8371-9e01befc9e10","Eos","Titan goddess of dawn","Mythic Age","","",0,"1753630725023","1753630725023"
"9efd5f84-76ad-4e17-b9c7-b2965c5a4927","eff52ef9-e8b3-473a-ab23-2227d2ab9459","ae6b11a1-97bd-4e6b-8371-9e01befc9e10","Chiron","Wise centaur and mentor","Mythic Age","","",0,"1753630725023","1753630725023"
"15e6f2d2-c2b4-44e7-a159-7c4950b956d3","eff52ef9-e8b3-473a-ab23-2227d2ab9459","ae6b11a1-97bd-4e6b-8371-9e01befc9e10","Philyra","Oceanid, mother of Chiron","Mythic Age","","",0,"1753630725023","1753630725023"
"6c75d073-001c-41b0-956b-0036026edbd4","eff52ef9-e8b3-473a-ab23-2227d2ab9459","ae6b11a1-97bd-4e6b-8371-9e01befc9e10","Pegasus","Winged horse","Mythic Age","","",0,"1753630725023","1753630725023"
"4f8f8426-bce3-4b72-9777-511328b351e5","eff52ef9-e8b3-473a-ab23-2227d2ab9459","ae6b11a1-97bd-4e6b-8371-9e01befc9e10","Medusa","Gorgon slain by Perseus","Mythic Age","","",0,"1753630725023","1753630725023"
"9691b687-17d7-48e2-bb22-1945fa5d4157","eff52ef9-e8b3-473a-ab23-2227d2ab9459","ae6b11a1-97bd-4e6b-8371-9e01befc9e10","Antigone","Daughter of Oedipus","Mythic Age","","",0,"1753630725023","1753630725023"
"94b6f3ed-7bda-471f-b03e-f5f287b5cac4","eff52ef9-e8b3-473a-ab23-2227d2ab9459","ae6b11a1-97bd-4e6b-8371-9e01befc9e10","Oedipus","King of Thebes","Mythic Age","","",0,"1753630725023","1753630725023"
"fce87974-4a0d-445c-927d-1c92a8f69b2c","eff52ef9-e8b3-473a-ab23-2227d2ab9459","ae6b11a1-97bd-4e6b-8371-9e01befc9e10","Jocasta","Mother and wife of Oedipus","Mythic Age","","",0,"1753630725023","1753630725023"
"2bbeaafd-ed29-4af7-a3fa-5cdf769ca48d","eff52ef9-e8b3-473a-ab23-2227d2ab9459","ae6b11a1-97bd-4e6b-8371-9e01befc9e10","Laius","Father of Oedipus","Mythic Age","","",0,"1753630725023","1753630725023"
"2d7bf769-68eb-4866-8189-5cf58baff87e","eff52ef9-e8b3-473a-ab23-2227d2ab9459","ae6b11a1-97bd-4e6b-8371-9e01befc9e10","Electra","Daughter of Agamemnon","Mythic Age","","",0,"1753630725023","1753630725023"
"d5245518-2597-4953-bbb3-7ba5e9a2e880","eff52ef9-e8b3-473a-ab23-2227d2ab9459","ae6b11a1-97bd-4e6b-8371-9e01befc9e10","Iphigenia","Daughter of Agamemnon","Mythic Age","","",0,"1753630725023","1753630725023"
"c1df955e-f7fa-4a92-a2fa-3f40720d5743","eff52ef9-e8b3-473a-ab23-2227d2ab9459","ae6b11a1-97bd-4e6b-8371-9e01befc9e10","Agamemnon","King of Mycenae","Mythic Age","","",0,"1753630725023","1753630725023"
"c6e9cc72-ee7a-4bc1-befc-6af82975ee9a","eff52ef9-e8b3-473a-ab23-2227d2ab9459","ae6b11a1-97bd-4e6b-8371-9e01befc9e10","Clytemnestra","Wife of Agamemnon","Mythic Age","","",0,"1753630725023","1753630725023"
"fa8f12e7-950a-4717-ad7b-db0b8d4fd7f9","eff52ef9-e8b3-473a-ab23-2227d2ab9459","ae6b11a1-97bd-4e6b-8371-9e01befc9e10","Tyndareus","King of Sparta","Mythic Age","","",0,"1753630725023","1753630725023"
"d52e9cca-50dd-4794-a488-8ba326526ee8","eff52ef9-e8b3-473a-ab23-2227d2ab9459","ae6b11a1-97bd-4e6b-8371-9e01befc9e10","Leda","Queen of Sparta","Mythic Age","","",0,"1753630725023","1753630725023"
"0fd966cf-47bd-4a7a-b3f0-5020a2f408b7","eff52ef9-e8b3-473a-ab23-2227d2ab9459","ae6b11a1-97bd-4e6b-8371-9e01befc9e10","Helen","Wife of Menelaus","Mythic Age","","",0,"1753630725023","1753630725023"
"9beb037e-9a9b-4865-b294-48e2060fe015","eff52ef9-e8b3-473a-ab23-2227d2ab9459","ae6b11a1-97bd-4e6b-8371-9e01befc9e10","Menelaus","King of Sparta","Mythic Age","","",0,"1753630725023","1753630725023"
"eca66562-d74b-4d2c-a647-46e4c337195d","eff52ef9-e8b3-473a-ab23-2227d2ab9459","ae6b11a1-97bd-4e6b-8371-9e01befc9e10","Atreus","King of Mycenae","Mythic Age","","",0,"1753630725023","1753630725023"
"47d59495-ebab-40cc-bd92-fe902678b96b","eff52ef9-e8b3-473a-ab23-2227d2ab9459","ae6b11a1-97bd-4e6b-8371-9e01befc9e10","Paris","Prince of Troy","Mythic Age","","",0,"1753630725023","1753630725023"
"4017b5cd-5901-442a-a260-12220868f211","eff52ef9-e8b3-473a-ab23-2227d2ab9459","ae6b11a1-97bd-4e6b-8371-9e01befc9e10","Hector","Trojan prince and warrior","Mythic Age","","",0,"1753630725023","1753630725023"
"04c78d38-8e52-43ba-82ed-2e7f238d513c","eff52ef9-e8b3-473a-ab23-2227d2ab9459","ae6b11a1-97bd-4e6b-8371-9e01befc9e10","Priam","King of Troy","Mythic Age","","",0,"1753630725023","1753630725023"
"44cf87c5-1518-4561-9cc6-559baab42810","eff52ef9-e8b3-473a-ab23-2227d2ab9459","ae6b11a1-97bd-4e6b-8371-9e01befc9e10","Hecuba","Queen of Troy","Mythic Age","","",0,"1753630725023","1753630725023"
"8445ff65-0260-4229-9d24-ad4b2a7a859a","eff52ef9-e8b3-473a-ab23-2227d2ab9459","ae6b11a1-97bd-4e6b-8371-9e01befc9e10","Aeneas","Hero of Troy","Mythic Age","","",0,"1753630725023","1753630725023"
"3e3d0802-b9cd-4ca8-bcfe-2b8edfddf6e2","eff52ef9-e8b3-473a-ab23-2227d2ab9459","ae6b11a1-97bd-4e6b-8371-9e01befc9e10","Anchises","Trojan prince","Mythic Age","","",0,"1753630725023","1753630725023"
"9e2792e6-4258-4b35-b33d-22a8f2c066a0","eff52ef9-e8b3-473a-ab23-2227d2ab9459","ae6b11a1-97bd-4e6b-8371-9e01befc9e10","Ganymede","Trojan youth abducted by Zeus","Mythic Age","","",0,"1753630725023","1753630725023"
"dc7e6885-e219-4149-9bf8-4f7e0558c2f2","eff52ef9-e8b3-473a-ab23-2227d2ab9459","ae6b11a1-97bd-4e6b-8371-9e01befc9e10","Tros","Founder of Troy","Mythic Age","","",0,"1753630725023","1753630725023"
"1dbcd3ce-5899-43ad-b808-228c361a54b6","eff52ef9-e8b3-473a-ab23-2227d2ab9459","ae6b11a1-97bd-4e6b-8371-9e01befc9e10","Penthesilea","Amazon warrior","Mythic Age","","",0,"1753630725023","1753630725023"
"883d6e7b-f24d-4478-9286-5298f821a36c","eff52ef9-e8b3-473a-ab23-2227d2ab9459","ae6b11a1-97bd-4e6b-8371-9e01befc9e10","Hippolyta","Amazon queen","Mythic Age","","",0,"1753630725023","1753630725023"
"20e74cb8-feab-45fe-b9b6-8cebe2c9e426","eff52ef9-e8b3-473a-ab23-2227d2ab9459","ae6b11a1-97bd-4e6b-8371-9e01befc9e10","Deucalion","Survivor of the great flood","Mythic Age","","",0,"1753630725023","1753630725023"
"8de3ee2b-b898-4493-851a-2516003efda6","eff52ef9-e8b3-473a-ab23-2227d2ab9459","ae6b11a1-97bd-4e6b-8371-9e01befc9e10","Pyrrha","Wife of Deucalion","Mythic Age","","",0,"1753630725023","1753630725023"
"a8d3dac7-6667-4998-83e2-b4a2b6532c25","eff52ef9-e8b3-473a-ab23-2227d2ab9459","ae6b11a1-97bd-4e6b-8371-9e01befc9e10","Prometheus","Titan who gave fire to man","Mythic Age","","",0,"1753630725023","1753630725023"
"9a4122a2-7113-4c69-85a7-cf2d9e96e056","eff52ef9-e8b3-473a-ab23-2227d2ab9459","ae6b11a1-97bd-4e6b-8371-9e01befc9e10","Epimetheus","Brother of Prometheus","Mythic Age","","",0,"1753630725023","1753630725023"
"1b76976d-1f5c-413b-8c72-b87762eb1151","eff52ef9-e8b3-473a-ab23-2227d2ab9459","ae6b11a1-97bd-4e6b-8371-9e01befc9e10","Pandora","First human woman","Mythic Age","","",0,"1753630725023","1753630725023"
"806667c2-c641-4579-becb-770da9ead643","eff52ef9-e8b3-473a-ab23-2227d2ab9459","ae6b11a1-97bd-4e6b-8371-9e01befc9e10","Iapetus","Titan of mortality","Mythic Age","","",0,"1753630725023","1753630725023"
"d0490a52-cee8-4d48-8699-ae7c29ab4d7f","eff52ef9-e8b3-473a-ab23-2227d2ab9459","ae6b11a1-97bd-4e6b-8371-9e01befc9e10","Clymene","Oceanid","Mythic Age","","",0,"1753630725023","1753630725023"
"3b2d9019-8237-4454-a963-4b22631a421c","eff52ef9-e8b3-473a-ab23-2227d2ab9459","ae6b11a1-97bd-4e6b-8371-9e01befc9e10","MythChar_87","Obscure figure from local legend","Mythic Age","","",0,"1753630725023","1753630725023"
"1f6b5f14-e6a6-4758-b99b-d23e1c40cd13","eff52ef9-e8b3-473a-ab23-2227d2ab9459","ae6b11a1-97bd-4e6b-8371-9e01befc9e10","MythChar_88","Obscure figure from local legend","Mythic Age","","",0,"1753630725023","1753630725023"
"45c3c41e-575d-45d9-8d2e-c2af89c7450d","eff52ef9-e8b3-473a-ab23-2227d2ab9459","ae6b11a1-97bd-4e6b-8371-9e01befc9e10","MythChar_89","Obscure figure from local legend","Mythic Age","","",0,"1753630725023","1753630725023"
"62ece20a-3f7f-4bdc-b6a8-f11aa6195db5","eff52ef9-e8b3-473a-ab23-2227d2ab9459","ae6b11a1-97bd-4e6b-8371-9e01befc9e10","MythChar_90","Obscure figure from local legend","Mythic Age","","",0,"1753630725023","1753630725023"
"8b3bc723-1819-47cd-be6c-081fabb0f12a","eff52ef9-e8b3-473a-ab23-2227d2ab9459","ae6b11a1-97bd-4e6b-8371-9e01befc9e10","MythChar_91","Obscure figure from local legend","Mythic Age","","",0,"1753630725023","1753630725023"
"244868e3-ef32-42b4-92a8-dc4522028c52","eff52ef9-e8b3-473a-ab23-2227d2ab9459","ae6b11a1-97bd-4e6b-8371-9e01befc9e10","MythChar_92","Obscure figure from local legend","Mythic Age","","",0,"1753630725023","1753630725023"
"62ca9ad3-8370-4d59-891e-43ad4e6c0729","eff52ef9-e8b3-473a-ab23-2227d2ab9459","ae6b11a1-97bd-4e6b-8371-9e01befc9e10","MythChar_93","Obscure figure from local legend","Mythic Age","","",0,"1753630725023","1753630725023"
"63adfd00-312b-4d8d-a688-4117aa034f4d","eff52ef9-e8b3-473a-ab23-2227d2ab9459","ae6b11a1-97bd-4e6b-8371-9e01befc9e10","MythChar_94","Obscure figure from local legend","Mythic Age","","",0,"1753630725023","1753630725023"
"5f1f9f64-8091-40e7-878b-8f8c87263075","eff52ef9-e8b3-473a-ab23-2227d2ab9459","ae6b11a1-97bd-4e6b-8371-9e01befc9e10","MythChar_95","Obscure figure from local legend","Mythic Age","","",0,"1753630725023","1753630725023"
"833e7a9a-c87b-44e7-8ce2-360f141c82b2","eff52ef9-e8b3-473a-ab23-2227d2ab9459","ae6b11a1-97bd-4e6b-8371-9e01befc9e10","MythChar_96","Obscure figure from local legend","Mythic Age","","",0,"1753630725023","1753630725023"
"a27e6d65-2b7d-4deb-a44d-4c9f5b898d6f","eff52ef9-e8b3-473a-ab23-2227d2ab9459","ae6b11a1-97bd-4e6b-8371-9e01befc9e10","MythChar_97","Obscure figure from local legend","Mythic Age","","",0,"1753630725023","1753630725023"
"d34fe067-2d05-47fd-9223-fe586aa4b026","eff52ef9-e8b3-473a-ab23-2227d2ab9459","ae6b11a1-97bd-4e6b-8371-9e01befc9e10","MythChar_98","Obscure figure from local legend","Mythic Age","","",0,"1753630725023","1753630725023"
"51d06618-0f69-425e-858d-95e2e69a9748","eff52ef9-e8b3-473a-ab23-2227d2ab9459","ae6b11a1-97bd-4e6b-8371-9e01befc9e10","MythChar_99","Obscure figure from local legend","Mythic Age","","",0,"1753630725023","1753630725023"
"f7f99c18-c185-44df-bcd2-5709cfe96e31","eff52ef9-e8b3-473a-ab23-2227d2ab9459","ae6b11a1-97bd-4e6b-8371-9e01befc9e10","MythChar_100","Obscure figure from local legend","Mythic Age","","",0,"1753630725023","1753630725023"
"4dcf3f77-328b-4aba-b1d3-5a3231751f2e","eff52ef9-e8b3-473a-ab23-2227d2ab9459","ae6b11a1-97bd-4e6b-8371-9e01befc9e10","MythChar_101","Obscure figure from local legend","Mythic Age","","",0,"1753630725023","1753630725023"
"22d64891-72e9-4a55-a46c-a3f968a99b03","eff52ef9-e8b3-473a-ab23-2227d2ab9459","ae6b11a1-97bd-4e6b-8371-9e01befc9e10","MythChar_102","Obscure figure from local legend","Mythic Age","","",0,"1753630725023","1753630725023"
"26368e8c-09a8-43c9-b9f7-339db30c81fc","eff52ef9-e8b3-473a-ab23-2227d2ab9459","ae6b11a1-97bd-4e6b-8371-9e01befc9e10","MythChar_103","Obscure figure from local legend","Mythic Age","","",0,"1753630725023","1753630725023"
"b697bd87-5663-4199-9de4-b477e2a4938d","eff52ef9-e8b3-473a-ab23-2227d2ab9459","ae6b11a1-97bd-4e6b-8371-9e01befc9e10","MythChar_104","Obscure figure from local legend","Mythic Age","","",0,"1753630725023","1753630725023"
"3844a46d-c699-4093-92b4-735e12727a69","eff52ef9-e8b3-473a-ab23-2227d2ab9459","ae6b11a1-97bd-4e6b-8371-9e01befc9e10","MythChar_105","Obscure figure from local legend","Mythic Age","","",0,"1753630725023","1753630725023"
"c1b4ec32-fd42-4024-a141-b634b472baf6","eff52ef9-e8b3-473a-ab23-2227d2ab9459","ae6b11a1-97bd-4e6b-8371-9e01befc9e10","MythChar_106","Obscure figure from local legend","Mythic Age","","",0,"1753630725023","1753630725023"
"ae6111bd-97c5-4eed-9786-ad26b7557c8b","eff52ef9-e8b3-473a-ab23-2227d2ab9459","ae6b11a1-97bd-4e6b-8371-9e01befc9e10","MythChar_107","Obscure figure from local legend","Mythic Age","","",0,"1753630725023","1753630725023"
"1aabdb5f-1f6f-44b2-84f1-e38ac974cc04","eff52ef9-e8b3-473a-ab23-2227d2ab9459","ae6b11a1-97bd-4e6b-8371-9e01befc9e10","MythChar_108","Obscure figure from local legend","Mythic Age","","",0,"1753630725023","1753630725023"
"050fa28d-b16f-448f-95d5-fd8f7b014612","eff52ef9-e8b3-473a-ab23-2227d2ab9459","ae6b11a1-97bd-4e6b-8371-9e01befc9e10","MythChar_109","Obscure figure from local legend","Mythic Age","","",0,"1753630725023","1753630725023"
"799a5ba6-9cad-46b5-8bcb-eec04f2a05e6","eff52ef9-e8b3-473a-ab23-2227d2ab9459","ae6b11a1-97bd-4e6b-8371-9e01befc9e10","MythChar_110","Obscure figure from local legend","Mythic Age","","",0,"1753630725023","1753630725023"
"fb165e5e-a317-4303-add5-e521c847ae95","eff52ef9-e8b3-473a-ab23-2227d2ab9459","ae6b11a1-97bd-4e6b-8371-9e01befc9e10","MythChar_111","Obscure figure from local legend","Mythic Age","","",0,"1753630725023","1753630725023"
"eff44555-8e1e-4990-a7f7-32be16390fb0","eff52ef9-e8b3-473a-ab23-2227d2ab9459","ae6b11a1-97bd-4e6b-8371-9e01befc9e10","MythChar_112","Obscure figure from local legend","Mythic Age","","",0,"1753630725023","1753630725023"
"dda1cf27-bf37-4de1-834b-e33f4a447154","eff52ef9-e8b3-473a-ab23-2227d2ab9459","ae6b11a1-97bd-4e6b-8371-9e01befc9e10","MythChar_113","Obscure figure from local legend","Mythic Age","","",0,"1753630725023","1753630725023"
"cff3c27e-b682-4061-a4fb-61faf90cec49","eff52ef9-e8b3-473a-ab23-2227d2ab9459","ae6b11a1-97bd-4e6b-8371-9e01befc9e10","MythChar_114","Obscure figure from local legend","Mythic Age","","",0,"1753630725023","1753630725023"
"61a79f64-6edd-4e62-9a3b-a26419d8341e","eff52ef9-e8b3-473a-ab23-2227d2ab9459","ae6b11a1-97bd-4e6b-8371-9e01befc9e10","MythChar_115","Obscure figure from local legend","Mythic Age","","",0,"1753630725023","1753630725023"
"e9d21750-1bac-452f-9ff3-99dcedf54bba","eff52ef9-e8b3-473a-ab23-2227d2ab9459","ae6b11a1-97bd-4e6b-8371-9e01befc9e10","MythChar_116","Obscure figure from local legend","Mythic Age","","",0,"1753630725023","1753630725023"
"da3b9a58-b355-40b3-a047-44a662c356a0","eff52ef9-e8b3-473a-ab23-2227d2ab9459","ae6b11a1-97bd-4e6b-8371-9e01befc9e10","MythChar_117","Obscure figure from local legend","Mythic Age","","",0,"1753630725023","1753630725023"
"cf571d6b-c40d-44e2-a8a2-b8d7984c7db6","eff52ef9-e8b3-473a-ab23-2227d2ab9459","ae6b11a1-97bd-4e6b-8371-9e01befc9e10","MythChar_118","Obscure figure from local legend","Mythic Age","","",0,"1753630725023","1753630725023"
"3455c7f5-f33f-45cc-9bbe-670136a12f2c","eff52ef9-e8b3-473a-ab23-2227d2ab9459","ae6b11a1-97bd-4e6b-8371-9e01befc9e10","MythChar_119","Obscure figure from local legend","Mythic Age","","",0,"1753630725023","1753630725023"
"e1f1a45c-f2b7-4dea-873e-f7ae83130583","eff52ef9-e8b3-473a-ab23-2227d2ab9459","ae6b11a1-97bd-4e6b-8371-9e01befc9e10","MythChar_120","Obscure figure from local legend","Mythic Age","","",0,"1753630725023","1753630725023"
"e2223343-b417-4178-9086-89d696ef2735","eff52ef9-e8b3-473a-ab23-2227d2ab9459","ae6b11a1-97bd-4e6b-8371-9e01befc9e10","MythChar_121","Obscure figure from local legend","Mythic Age","","",0,"1753630725023","1753630725023"
"4b9daaf9-22f6-4ef1-993d-f671a9ac9289","eff52ef9-e8b3-473a-ab23-2227d2ab9459","ae6b11a1-97bd-4e6b-8371-9e01befc9e10","MythChar_122","Obscure figure from local legend","Mythic Age","","",0,"1753630725023","1753630725023"
"67a30689-d96e-49ac-aaa6-10de1183dd89","eff52ef9-e8b3-473a-ab23-2227d2ab9459","ae6b11a1-97bd-4e6b-8371-9e01befc9e10","MythChar_123","Obscure figure from local legend","Mythic Age","","",0,"1753630725023","1753630725023"
"2a4cefd9-403d-4006-abef-05a8ade83ed1","eff52ef9-e8b3-473a-ab23-2227d2ab9459","ae6b11a1-97bd-4e6b-8371-9e01befc9e10","MythChar_124","Obscure figure from local legend","Mythic Age","","",0,"1753630725023","1753630725023"
"278c4619-c372-408b-824f-6c7829e62f02","eff52ef9-e8b3-473a-ab23-2227d2ab9459","ae6b11a1-97bd-4e6b-8371-9e01befc9e10","MythChar_125","Obscure figure from local legend","Mythic Age","","",0,"1753630725023","1753630725023"
"cd01c17d-c32a-4e87-beb7-bee654c4ace9","eff52ef9-e8b3-473a-ab23-2227d2ab9459","ae6b11a1-97bd-4e6b-8371-9e01befc9e10","MythChar_126","Obscure figure from local legend","Mythic Age","","",0,"1753630725023","1753630725023"
"2355d4bd-b4ff-424c-b000-49d536daca28","eff52ef9-e8b3-473a-ab23-2227d2ab9459","ae6b11a1-97bd-4e6b-8371-9e01befc9e10","MythChar_127","Obscure figure from local legend","Mythic Age","","",0,"1753630725023","1753630725023"
"41fd0261-b257-4e89-b1b8-435dc7547640","eff52ef9-e8b3-473a-ab23-2227d2ab9459","ae6b11a1-97bd-4e6b-8371-9e01befc9e10","MythChar_128","Obscure figure from local legend","Mythic Age","","",0,"1753630725023","1753630725023"
"85f76620-45ec-4b5a-b224-7b247c520101","eff52ef9-e8b3-473a-ab23-2227d2ab9459","ae6b11a1-97bd-4e6b-8371-9e01befc9e10","MythChar_129","Obscure figure from local legend","Mythic Age","","",0,"1753630725023","1753630725023"
"5cce5ae0-d954-429a-ad0b-264e58ecbc26","eff52ef9-e8b3-473a-ab23-2227d2ab9459","ae6b11a1-97bd-4e6b-8371-9e01befc9e10","MythChar_130","Obscure figure from local legend","Mythic Age","","",0,"1753630725023","1753630725023"
"bfc4105a-009e-4d01-851c-1d9322eaeeb7","eff52ef9-e8b3-473a-ab23-2227d2ab9459","ae6b11a1-97bd-4e6b-8371-9e01befc9e10","MythChar_131","Obscure figure from local legend","Mythic Age","","",0,"1753630725023","1753630725023"
"d97d2968-2699-4e18-9bb4-f0fd939cd1c2","eff52ef9-e8b3-473a-ab23-2227d2ab9459","ae6b11a1-97bd-4e6b-8371-9e01befc9e10","MythChar_132","Obscure figure from local legend","Mythic Age","","",0,"1753630725023","1753630725023"
"3dfbc0cc-7891-47e0-966d-a90a7498c038","eff52ef9-e8b3-473a-ab23-2227d2ab9459","ae6b11a1-97bd-4e6b-8371-9e01befc9e10","MythChar_133","Obscure figure from local legend","Mythic Age","","",0,"1753630725023","1753630725023"
"14eebd20-d6d1-47b8-8016-0d2aeecb3df3","eff52ef9-e8b3-473a-ab23-2227d2ab9459","ae6b11a1-97bd-4e6b-8371-9e01befc9e10","MythChar_134","Obscure figure from local legend","Mythic Age","","",0,"1753630725023","1753630725023"
"1013bfb5-8ab1-4105-8955-7b034003d051","eff52ef9-e8b3-473a-ab23-2227d2ab9459","ae6b11a1-97bd-4e6b-8371-9e01befc9e10","MythChar_135","Obscure figure from local legend","Mythic Age","","",0,"1753630725023","1753630725023"
"cea2485c-7a1f-4257-a51a-e3aaa5d2305c","eff52ef9-e8b3-473a-ab23-2227d2ab9459","ae6b11a1-97bd-4e6b-8371-9e01befc9e10","MythChar_136","Obscure figure from local legend","Mythic Age","","",0,"1753630725023","1753630725023"
"d7dded5f-4b40-4552-b410-a80c7755cce5","eff52ef9-e8b3-473a-ab23-2227d2ab9459","ae6b11a1-97bd-4e6b-8371-9e01befc9e10","MythChar_137","Obscure figure from local legend","Mythic Age","","",0,"1753630725023","1753630725023"
"c1da3025-22f9-4db5-b8cc-ef56d566e07c","eff52ef9-e8b3-473a-ab23-2227d2ab9459","ae6b11a1-97bd-4e6b-8371-9e01befc9e10","MythChar_138","Obscure figure from local legend","Mythic Age","","",0,"1753630725023","1753630725023"
"d8a3d03f-d598-43d6-98ce-ad41a3f326af","eff52ef9-e8b3-473a-ab23-2227d2ab9459","ae6b11a1-97bd-4e6b-8371-9e01befc9e10","MythChar_139","Obscure figure from local legend","Mythic Age","","",0,"1753630725023","1753630725023"
"78cd82a8-6e17-4e8c-9df9-460a281795c1","eff52ef9-e8b3-473a-ab23-2227d2ab9459","ae6b11a1-97bd-4e6b-8371-9e01befc9e10","MythChar_140","Obscure figure from local legend","Mythic Age","","",0,"1753630725023","1753630725023"
"064f5cb7-691c-4cc2-b187-744a13679c79","eff52ef9-e8b3-473a-ab23-2227d2ab9459","ae6b11a1-97bd-4e6b-8371-9e01befc9e10","MythChar_141","Obscure figure from local legend","Mythic Age","","",0,"1753630725023","1753630725023"
"2f7036c7-51bc-474a-a1ce-f2cbe468e967","eff52ef9-e8b3-473a-ab23-2227d2ab9459","ae6b11a1-97bd-4e6b-8371-9e01befc9e10","MythChar_142","Obscure figure from local legend","Mythic Age","","",0,"1753630725023","1753630725023"
"9a1dbf29-8d1f-4ff0-8b1a-02f5407e6250","eff52ef9-e8b3-473a-ab23-2227d2ab9459","ae6b11a1-97bd-4e6b-8371-9e01befc9e10","MythChar_143","Obscure figure from local legend","Mythic Age","","",0,"1753630725023","1753630725023"
"d18a604f-9f19-4366-9e34-7bee1d8ff34e","eff52ef9-e8b3-473a-ab23-2227d2ab9459","ae6b11a1-97bd-4e6b-8371-9e01befc9e10","MythChar_144","Obscure figure from local legend","Mythic Age","","",0,"1753630725023","1753630725023"
"d9b9579a-b032-402a-a0da-27c3ed97882b","eff52ef9-e8b3-473a-ab23-2227d2ab9459","ae6b11a1-97bd-4e6b-8371-9e01befc9e10","MythChar_145","Obscure figure from local legend","Mythic Age","","",0,"1753630725023","1753630725023"
"3593aed0-b53e-48a1-ae0d-2f0c80cebffb","eff52ef9-e8b3-473a-ab23-2227d2ab9459","ae6b11a1-97bd-4e6b-8371-9e01befc9e10","MythChar_146","Obscure figure from local legend","Mythic Age","","",0,"1753630725023","1753630725023"
"721386c1-cb9a-47ec-ad26-0cd4e1818d5f","eff52ef9-e8b3-473a-ab23-2227d2ab9459","ae6b11a1-97bd-4e6b-8371-9e01befc9e10","MythChar_147","Obscure figure from local legend","Mythic Age","","",0,"1753630725023","1753630725023"
"69830a35-c9e2-4180-a9bb-c64b1dafefc7","eff52ef9-e8b3-473a-ab23-2227d2ab9459","ae6b11a1-97bd-4e6b-8371-9e01befc9e10","MythChar_148","Obscure figure from local legend","Mythic Age","","",0,"1753630725023","1753630725023"
"c8880af6-dd73-461b-983e-9075eccc3685","eff52ef9-e8b3-473a-ab23-2227d2ab9459","ae6b11a1-97bd-4e6b-8371-9e01befc9e10","MythChar_149","Obscure figure from local legend","Mythic Age","","",0,"1753630725023","1753630725023"
"61773f93-e843-4c91-8d2d-a69bf612112f","eff52ef9-e8b3-473a-ab23-2227d2ab9459","ae6b11a1-97bd-4e6b-8371-9e01befc9e10","MythChar_150","Obscure figure from local legend","Mythic Age","","",0,"1753630725023","1753630725023"
"d6678426-8650-460c-b5fd-1e6122756057","eff52ef9-e8b3-473a-ab23-2227d2ab9459","ae6b11a1-97bd-4e6b-8371-9e01befc9e10","MythChar_151","Obscure figure from local legend","Mythic Age","","",0,"1753630725023","1753630725023"
"7561c497-ce2c-438f-aaf6-0ff11ade8c10","eff52ef9-e8b3-473a-ab23-2227d2ab9459","ae6b11a1-97bd-4e6b-8371-9e01befc9e10","MythChar_152","Obscure figure from local legend","Mythic Age","","",0,"1753630725023","1753630725023"
"760b85a5-fc80-43c5-a92c-08e7eaca5589","eff52ef9-e8b3-473a-ab23-2227d2ab9459","ae6b11a1-97bd-4e6b-8371-9e01befc9e10","MythChar_153","Obscure figure from local legend","Mythic Age","","",0,"1753630725023","1753630725023"
"1fb0fc16-a704-4a7b-a6e1-7ea9012f77db","eff52ef9-e8b3-473a-ab23-2227d2ab9459","ae6b11a1-97bd-4e6b-8371-9e01befc9e10","MythChar_154","Obscure figure from local legend","Mythic Age","","",0,"1753630725023","1753630725023"
"bd097775-faf2-4710-b794-b6ee41f86e1d","eff52ef9-e8b3-473a-ab23-2227d2ab9459","ae6b11a1-97bd-4e6b-8371-9e01befc9e10","MythChar_155","Obscure figure from local legend","Mythic Age","","",0,"1753630725023","1753630725023"
"4583b22a-686a-43ba-b834-0a8a81ac8ec0","eff52ef9-e8b3-473a-ab23-2227d2ab9459","ae6b11a1-97bd-4e6b-8371-9e01befc9e10","MythChar_156","Obscure figure from local legend","Mythic Age","","",0,"1753630725023","1753630725023"
"20390ad5-a040-4fab-93db-480b0fc27759","eff52ef9-e8b3-473a-ab23-2227d2ab9459","ae6b11a1-97bd-4e6b-8371-9e01befc9e10","MythChar_157","Obscure figure from local legend","Mythic Age","","",0,"1753630725023","1753630725023"
"9a489c69-3137-4ad8-9673-f6aa2962bb59","eff52ef9-e8b3-473a-ab23-2227d2ab9459","ae6b11a1-97bd-4e6b-8371-9e01befc9e10","MythChar_158","Obscure figure from local legend","Mythic Age","","",0,"1753630725023","1753630725023"
"7cbe4501-1363-41a9-b625-d387f6cf0c55","eff52ef9-e8b3-473a-ab23-2227d2ab9459","ae6b11a1-97bd-4e6b-8371-9e01befc9e10","MythChar_159","Obscure figure from local legend","Mythic Age","","",0,"1753630725023","1753630725023"
"30ec5af7-9e5b-4252-82fe-ba6c19dafbf7","eff52ef9-e8b3-473a-ab23-2227d2ab9459","ae6b11a1-97bd-4e6b-8371-9e01befc9e10","MythChar_160","Obscure figure from local legend","Mythic Age","","",0,"1753630725023","1753630725023"
"597a92a9-dd15-456b-bc60-9b5a206ecbbe","eff52ef9-e8b3-473a-ab23-2227d2ab9459","ae6b11a1-97bd-4e6b-8371-9e01befc9e10","MythChar_161","Obscure figure from local legend","Mythic Age","","",0,"1753630725023","1753630725023"
"e58713bf-e195-4f3a-9415-1879518f6d42","eff52ef9-e8b3-473a-ab23-2227d2ab9459","ae6b11a1-97bd-4e6b-8371-9e01befc9e10","MythChar_162","Obscure figure from local legend","Mythic Age","","",0,"1753630725023","1753630725023"
"93284a4f-6f18-4fc5-8b38-71c89b08f59d","eff52ef9-e8b3-473a-ab23-2227d2ab9459","ae6b11a1-97bd-4e6b-8371-9e01befc9e10","MythChar_163","Obscure figure from local legend","Mythic Age","","",0,"1753630725023","1753630725023"
"14cd241a-b433-48da-b13f-e8f8e8a3e2fb","eff52ef9-e8b3-473a-ab23-2227d2ab9459","ae6b11a1-97bd-4e6b-8371-9e01befc9e10","MythChar_164","Obscure figure from local legend","Mythic Age","","",0,"1753630725023","1753630725023"
"aa3a8a7a-77ff-409a-807c-a99490e19924","eff52ef9-e8b3-473a-ab23-2227d2ab9459","ae6b11a1-97bd-4e6b-8371-9e01befc9e10","MythChar_165","Obscure figure from local legend","Mythic Age","","",0,"1753630725023","1753630725023"
"b1e5272e-a6ae-4e03-92ff-4fbbc621255b","eff52ef9-e8b3-473a-ab23-2227d2ab9459","ae6b11a1-97bd-4e6b-8371-9e01befc9e10","MythChar_166","Obscure figure from local legend","Mythic Age","","",0,"1753630725023","1753630725023"
"94b2d352-f205-45b0-b631-91c826750263","eff52ef9-e8b3-473a-ab23-2227d2ab9459","ae6b11a1-97bd-4e6b-8371-9e01befc9e10","MythChar_167","Obscure figure from local legend","Mythic Age","","",0,"1753630725023","1753630725023"
"f18b48b0-1a2f-4ab2-a214-bc099ba4ae5e","eff52ef9-e8b3-473a-ab23-2227d2ab9459","ae6b11a1-97bd-4e6b-8371-9e01befc9e10","MythChar_168","Obscure figure from local legend","Mythic Age","","",0,"1753630725023","1753630725023"
"ae91449d-b274-4d48-9c91-f67962e04752","eff52ef9-e8b3-473a-ab23-2227d2ab9459","ae6b11a1-97bd-4e6b-8371-9e01befc9e10","MythChar_169","Obscure figure from local legend","Mythic Age","","",0,"1753630725023","1753630725023"
"ab8701cd-4b3c-4314-8074-4d6a814ce5d5","eff52ef9-e8b3-473a-ab23-2227d2ab9459","ae6b11a1-97bd-4e6b-8371-9e01befc9e10","MythChar_170","Obscure figure from local legend","Mythic Age","","",0,"1753630725023","1753630725023"
"7dc33a46-e366-456f-870e-f9dcfa6f89f4","eff52ef9-e8b3-473a-ab23-2227d2ab9459","ae6b11a1-97bd-4e6b-8371-9e01befc9e10","MythChar_171","Obscure figure from local legend","Mythic Age","","",0,"1753630725023","1753630725023"
"865a4b02-b958-4e36-9d7f-22577b4dac38","eff52ef9-e8b3-473a-ab23-2227d2ab9459","ae6b11a1-97bd-4e6b-8371-9e01befc9e10","MythChar_172","Obscure figure from local legend","Mythic Age","","",0,"1753630725023","1753630725023"
"22911bd0-0ae9-46d9-80df-b91a7266b52b","eff52ef9-e8b3-473a-ab23-2227d2ab9459","ae6b11a1-97bd-4e6b-8371-9e01befc9e10","MythChar_173","Obscure figure from local legend","Mythic Age","","",0,"1753630725023","1753630725023"
"d7336462-3741-4177-806f-996478a23ce5","eff52ef9-e8b3-473a-ab23-2227d2ab9459","ae6b11a1-97bd-4e6b-8371-9e01befc9e10","MythChar_174","Obscure figure from local legend","Mythic Age","","",0,"1753630725023","1753630725023"
"4927f6bd-1e00-47ee-aa48-3fa3d57c51ed","eff52ef9-e8b3-473a-ab23-2227d2ab9459","ae6b11a1-97bd-4e6b-8371-9e01befc9e10","MythChar_175","Obscure figure from local legend","Mythic Age","","",0,"1753630725023","1753630725023"
"ba3bcf59-42cd-4233-8b7c-45bf6b987bc0","eff52ef9-e8b3-473a-ab23-2227d2ab9459","ae6b11a1-97bd-4e6b-8371-9e01befc9e10","MythChar_176","Obscure figure from local legend","Mythic Age","","",0,"1753630725023","1753630725023"
"f5b2ceb1-be7f-47db-85ce-bdd1f15aaff4","eff52ef9-e8b3-473a-ab23-2227d2ab9459","ae6b11a1-97bd-4e6b-8371-9e01befc9e10","MythChar_177","Obscure figure from local legend","Mythic Age","","",0,"1753630725023","1753630725023"
"824eabb4-180a-412f-8b17-1da01c3a798a","eff52ef9-e8b3-473a-ab23-2227d2ab9459","ae6b11a1-97bd-4e6b-8371-9e01befc9e10","MythChar_178","Obscure figure from local legend","Mythic Age","","",0,"1753630725023","1753630725023"
"ce2b3a01-0dc5-45e0-9699-78ae1baf9ba4","eff52ef9-e8b3-473a-ab23-2227d2ab9459","ae6b11a1-97bd-4e6b-8371-9e01befc9e10","MythChar_179","Obscure figure from local legend","Mythic Age","","",0,"1753630725023","1753630725023"
"e7e88eaf-014a-433d-b6b0-60a44d4f1cba","eff52ef9-e8b3-473a-ab23-2227d2ab9459","ae6b11a1-97bd-4e6b-8371-9e01befc9e10","MythChar_180","Obscure figure from local legend","Mythic Age","","",0,"1753630725023","1753630725023"
"136c5151-d171-4158-9683-091e1cc508f6","eff52ef9-e8b3-473a-ab23-2227d2ab9459","ae6b11a1-97bd-4e6b-8371-9e01befc9e10","MythChar_181","Obscure figure from local legend","Mythic Age","","",0,"1753630725023","1753630725023"
"89658d13-a7ae-418c-bb37-a59c87867fe3","eff52ef9-e8b3-473a-ab23-2227d2ab9459","ae6b11a1-97bd-4e6b-8371-9e01befc9e10","MythChar_182","Obscure figure from local legend","Mythic Age","","",0,"1753630725023","1753630725023"
"dcdbbabc-2609-4a53-9e4c-5c469202e62a","eff52ef9-e8b3-473a-ab23-2227d2ab9459","ae6b11a1-97bd-4e6b-8371-9e01befc9e10","MythChar_183","Obscure figure from local legend","Mythic Age","","",0,"1753630725023","1753630725023"
"1431e1d5-8b78-4adb-a2e7-e2e26657b1ed","eff52ef9-e8b3-473a-ab23-2227d2ab9459","ae6b11a1-97bd-4e6b-8371-9e01befc9e10","MythChar_184","Obscure figure from local legend","Mythic Age","","",0,"1753630725023","1753630725023"
"f89f8aa3-3e19-4601-bb22-270a2993830e","eff52ef9-e8b3-473a-ab23-2227d2ab9459","ae6b11a1-97bd-4e6b-8371-9e01befc9e10","MythChar_185","Obscure figure from local legend","Mythic Age","","",0,"1753630725023","1753630725023"
"0307ad93-bd29-4758-921f-750186c39939","eff52ef9-e8b3-473a-ab23-2227d2ab9459","ae6b11a1-97bd-4e6b-8371-9e01befc9e10","MythChar_186","Obscure figure from local legend","Mythic Age","","",0,"1753630725023","1753630725023"
"369e3d36-9479-4a19-9419-9458140c3041","eff52ef9-e8b3-473a-ab23-2227d2ab9459","ae6b11a1-97bd-4e6b-8371-9e01befc9e10","MythChar_187","Obscure figure from local legend","Mythic Age","","",0,"1753630725023","1753630725023"
"141f2d27-4dbf-44a7-8e77-a089cb350e79","eff52ef9-e8b3-473a-ab23-2227d2ab9459","ae6b11a1-97bd-4e6b-8371-9e01befc9e10","MythChar_188","Obscure figure from local legend","Mythic Age","","",0,"1753630725023","1753630725023"
"1c58daea-98e3-4be6-ac5c-da864b6cd6ae","eff52ef9-e8b3-473a-ab23-2227d2ab9459","ae6b11a1-97bd-4e6b-8371-9e01befc9e10","MythChar_189","Obscure figure from local legend","Mythic Age","","",0,"1753630725023","1753630725023"
"760c1ea0-a6e9-4989-a130-f6709fb29255","eff52ef9-e8b3-473a-ab23-2227d2ab9459","ae6b11a1-97bd-4e6b-8371-9e01befc9e10","MythChar_190","Obscure figure from local legend","Mythic Age","","",0,"1753630725023","1753630725023"
"041a3eb7-5e60-4120-bee9-416c14e2192c","eff52ef9-e8b3-473a-ab23-2227d2ab9459","ae6b11a1-97bd-4e6b-8371-9e01befc9e10","MythChar_191","Obscure figure from local legend","Mythic Age","","",0,"1753630725023","1753630725023"
"bf31c8c5-a5ed-4523-a0a6-a73e007775f1","eff52ef9-e8b3-473a-ab23-2227d2ab9459","ae6b11a1-97bd-4e6b-8371-9e01befc9e10","MythChar_192","Obscure figure from local legend","Mythic Age","","",0,"1753630725023","1753630725023"
"cb0416e7-9377-465f-be03-2457e1600d82","eff52ef9-e8b3-473a-ab23-2227d2ab9459","ae6b11a1-97bd-4e6b-8371-9e01befc9e10","MythChar_193","Obscure figure from local legend","Mythic Age","","",0,"1753630725023","1753630725023"
"c25e551d-79b7-4b1a-b58e-6d11748a4da6","eff52ef9-e8b3-473a-ab23-2227d2ab9459","ae6b11a1-97bd-4e6b-8371-9e01befc9e10","MythChar_194","Obscure figure from local legend","Mythic Age","","",0,"1753630725023","1753630725023"
"96b255e6-fe6a-498a-940d-9865357ffdc6","eff52ef9-e8b3-473a-ab23-2227d2ab9459","ae6b11a1-97bd-4e6b-8371-9e01befc9e10","MythChar_195","Obscure figure from local legend","Mythic Age","","",0,"1753630725023","1753630725023"
"95cfeadd-54c5-4bb7-997f-e27d2c694179","eff52ef9-e8b3-473a-ab23-2227d2ab9459","ae6b11a1-97bd-4e6b-8371-9e01befc9e10","MythChar_196","Obscure figure from local legend","Mythic Age","","",0,"1753630725023","1753630725023"
"a1bf5458-a31f-40dd-ad3a-5991b6653990","eff52ef9-e8b3-473a-ab23-2227d2ab9459","ae6b11a1-97bd-4e6b-8371-9e01befc9e10","MythChar_197","Obscure figure from local legend","Mythic Age","","",0,"1753630725023","1753630725023"
"f01c0d35-7fee-42f6-92af-604aff46ab48","eff52ef9-e8b3-473a-ab23-2227d2ab9459","ae6b11a1-97bd-4e6b-8371-9e01befc9e10","MythChar_198","Obscure figure from local legend","Mythic Age","","",0,"1753630725023","1753630725023"
"c52e4100-66b2-4483-a2b9-c8824ea757bf","eff52ef9-e8b3-473a-ab23-2227d2ab9459","ae6b11a1-97bd-4e6b-8371-9e01befc9e10","MythChar_199","Obscure figure from local legend","Mythic Age","","",0,"1753630725023","1753630725023"
"2166ca04-739c-4e3b-a75a-df265d29e817","eff52ef9-e8b3-473a-ab23-2227d2ab9459","ae6b11a1-97bd-4e6b-8371-9e01befc9e10","MythChar_200","Obscure figure from local legend","Mythic Age","","",0,"1753630725023","1753630725023"
